{
	"credit": "Made with Blockbench",
	"texture_size": [32, 32],
	"textures": {
		"0": "./eyes",
		"1": "./orange_wool",
		"3": "./empty",
		"4": "./yellow_wool",
		"5": "./head_decoration",
		"particle": "./eyes"
	},
	"elements": [
		{
			"from": [4, 9, 4],
			"to": [12, 17, 12],
			"faces": {
				"north": {"uv": [0, 0, 8, 8], "texture": "#0"},
				"east": {"uv": [8, 0, 16, 8], "texture": "#0"},
				"south": {"uv": [0, 8, 8, 16], "texture": "#0"},
				"west": {"uv": [8, 8, 16, 16], "texture": "#0"},
				"up": {"uv": [8, 0, 16, 8], "texture": "#0"},
				"down": {"uv": [0, 0, 4, 4], "texture": "#missing"}
			}
		},
		{
			"from": [5, 17, 5],
			"to": [11, 23, 5],
			"faces": {
				"north": {"uv": [0, 0, 4, 4], "texture": "#5"},
				"east": {"uv": [0, 4, 4, 8], "texture": "#3"},
				"south": {"uv": [0, 0, 4, 4], "texture": "#5"},
				"west": {"uv": [4, 4, 8, 8], "texture": "#3"},
				"up": {"uv": [4, 12, 0, 8], "texture": "#3"},
				"down": {"uv": [12, 0, 8, 4], "texture": "#3"}
			}
		},
		{
			"from": [5, 9, -4],
			"to": [11, 13, 4],
			"faces": {
				"north": {"uv": [0, 0, 8, 4], "texture": "#1"},
				"east": {"uv": [8, 0, 16, 4], "texture": "#1"},
				"south": {"uv": [0, 0, 8, 4], "texture": "#1"},
				"west": {"uv": [0, 4, 8, 8], "texture": "#1"},
				"up": {"uv": [0, 8, 8, 16], "texture": "#1"},
				"down": {"uv": [8, 8, 16, 16], "texture": "#1"}
			}
		},
		{
			"from": [1, 0, 3],
			"to": [15, 9, 22],
			"faces": {
				"north": {"uv": [0, 0, 7, 4.5], "texture": "#4"},
				"east": {"uv": [0, 0, 9.5, 4.5], "texture": "#4"},
				"south": {"uv": [0, 0, 7, 4.5], "texture": "#4"},
				"west": {"uv": [0, 0, 9.5, 4.5], "texture": "#4"},
				"up": {"uv": [0, 0, 7, 9.5], "texture": "#4"},
				"down": {"uv": [0, 0, 7, 9.5], "texture": "#4"}
			}
		},
		{
			"from": [15, 1, 4],
			"to": [17, 8, 19],
			"faces": {
				"north": {"uv": [0, 0, 1, 3.5], "texture": "#4"},
				"east": {"uv": [0, 0, 7.5, 3.5], "texture": "#4"},
				"south": {"uv": [0, 0, 1, 3.5], "texture": "#4"},
				"west": {"uv": [0, 0, 7.5, 3.5], "texture": "#4"},
				"up": {"uv": [0, 0, 1, 7.5], "texture": "#4"},
				"down": {"uv": [0, 0, 1, 7.5], "texture": "#4"}
			}
		},
		{
			"from": [-1, 1, 4],
			"to": [1, 8, 19],
			"faces": {
				"north": {"uv": [0, 0, 1, 3.5], "texture": "#4"},
				"east": {"uv": [0, 0, 7.5, 3.5], "texture": "#4"},
				"south": {"uv": [0, 0, 1, 3.5], "texture": "#4"},
				"west": {"uv": [0, 0, 7.5, 3.5], "texture": "#4"},
				"up": {"uv": [0, 0, 1, 7.5], "texture": "#4"},
				"down": {"uv": [0, 0, 1, 7.5], "texture": "#4"}
			}
		}
	],
	"display": {
		"thirdperson_righthand": {
			"translation": [0, 2.5, 1],
			"scale": [0.3, 0.3, 0.3]
		},
		"thirdperson_lefthand": {
			"translation": [0, 2.25, 1],
			"scale": [0.3, 0.3, 0.3]
		},
		"firstperson_righthand": {
			"translation": [-2, 3.5, 1.5],
			"scale": [0.35, 0.35, 0.25]
		},
		"firstperson_lefthand": {
			"translation": [-2, 3.5, 1.5],
			"scale": [0.35, 0.35, 0.25]
		},
		"ground": {
			"translation": [0, 1.5, 0],
			"scale": [0.45, 0.45, 0.45]
		},
		"gui": {
			"rotation": [15, -150, 0],
			"translation": [1.25, -1, 0],
			"scale": [0.65, 0.65, 0.65]
		},
		"head": {
			"translation": [0, 11.5, -3],
			"scale": [0.65, 0.65, 0.65]
		},
		"fixed": {
			"rotation": [180, -90, 180],
			"translation": [0.75, 0, -2],
			"scale": [0.65, 0.65, 0.65]
		}
	},
	"groups": [
		{
			"name": "Duck",
			"origin": [8, 8, 8],
			"color": 0,
			"children": [0, 1, 2, 3, 4, 5]
		}
	]
}